Model name,Core clock (MHz),Memory clock (MHz),Memory Size (MiB),Memory Bandwidth (GB/s),Memory Bus width (bit),Fillrate MTexels/s,Fillrate MPixels/s
GeForce 510,523,1800,2048,14.4,64,4500,2100
GeForce GT 520,810,1800,2048,14.4,64,6500,3250
GeForce GT 530,700,1800,2048,28.8,128,11200,2800
GeForce GT 545,720,1800,5120,43,192,17280,11520
GeForce GT 545,870,3996,1024,64,128,20880,13920
GeForce GTX 550 Ti,900,4104,76800,98.5,192,28800,21600
GeForce GTX 555,736,3828,1024,91.9,192,35300,17600
GeForce GTX 560 SE,736,3828,1024,91.9,192,35300,17600
GeForce GTX 560,810,4008,2048,128.1,256,45360,25920
GeForce GTX 560 Ti,822,4008,2048,128.26,256,52610,26300
GeForce GTX 560 Ti,732,3800,25600,152,320,32210,29280
GeForce GTX 560 Ti (448 Cores),732,3800,25600,152,320,40990,29280
GeForce GTX 570,732,3800,25600,152,320,43920,29280
GeForce GTX 580,772,4008,5120,192.384,384,49410,37050
GeForce GTX 590,607,3414,5120,327.74,384,2000,29140
GeForce 605,523,1796,5120,14.4,64,4200,2090
GeForce GT 610,810,1800,5120,14.4,64,6500,3240
GeForce GT 620,810,1796,5120,14.4,64,6500,3240
GeForce GT 620,700,1000,2048,8,64,11200,2800
GeForce GT 625,810,1796,5120,14.4,64,6500,3240
GeForce GT 630,875,1782,2048,28.5,128,14000,14000
GeForce GT 630,700,1600,4096,25.6,128,11200,2800
GeForce GT 630,810,3200,1024,51.2,128,13000,3200
GeForce GT 630,902,1800,2048,14.4,64,14440,7220
GeForce GT 635,967,2002,2048,16,64,15500,7740
GeForce GT 640,720,1782,5120,42.8,192,17300,17300
GeForce GT 640,797,1782,2048,28.5,128,25500,12800
GeForce GT 640,900,1782,4096,28.5,128,28800,14400
GeForce GT 640,950,5000,2048,80,128,30400,15200
GeForce GT 640,1046,5008,1024,40.1,64,16700,8370
GeForce GT 645,776,1914,1024,91.9,192,37300,18600
GeForce GTX 645,823.5,4000,1024,64,128,39500,14160
GeForce GTX 650,1058,5000,2048,80,128,33800,16900
GeForce GTX 650,1058,5000,2048,80,128,33800,16900
GeForce GTX 650 Ti,928,5400,2048,86.4,128,59400,14800
GeForce GTX 650 Ti (Boost),980,6008,2048,144.2,192,62700,23500
GeForce GTX 660,980,6008,5120,144.2,192,78400,23500
GeForce GTX 660,823.5,5800,5120,186,256,79000,19800
GeForce GTX 660 Ti,915,6008,2048,144.2,192,102500,22000
GeForce GTX 670,915,6008,4096,192.256,256,102500,29300
GeForce GTX 680,1006,6008,4096,192.256,256,128800.00000000001,32200.000000000004
GeForce GTX 690,915,6008,2048,384.512,512,2000,29280
GeForce GT 705,810,1796,5120,14.4,64,6500,3240
GeForce GT 710,823,1800,5120,14.4,64,13200,6600
GeForce GT 710,954,5010,2048,40,64,15300,7600
GeForce GT 720,797,5010,2048,40,64,12800,6400
GeForce GT 730,902,1800,4096,14.4,64,14440,7220
GeForce GT 730,902,5000,2048,40,64,14440,7220
GeForce GT 730,700,1800,4096,28.8,128,11000,2800
GeForce GT 740,993,1782,4096,28.5,128,31800,15900
GeForce GT 740,993,5008,4096,80.1,128,31800,15900
GeForce GTX 745,1033,1800,4096,28.8,128,24800,16500
GeForce GTX 750,1020,5000,4096,80,128,32600,16300
GeForce GTX 750 Ti,1020,5400,4096,86.4,128,40800,16300
GeForce GTX 760 (192-bit),824,5800,5120,139.2,192,79100,19800
GeForce GTX 760,980,6008,4096,192.3,256,94000,31400
GeForce GTX 760 Ti,915,6008,2048,192.3,256,102500,29300
GeForce GTX 770,1046,7010,4096,224,256,134000,33500
GeForce GTX 780,863,6008,6144,288.4,384,160500,41400
GeForce GTX 780 Ti,876,7010,3072,336.5,384,210200,42000
GeForce GTX TITAN,837,6008,6144,288.4,384,187500,40200
GeForce GTX TITAN Black,889,7010,6144,336.5,384,213400,42700
GeForce GTX TITAN Z,705,7010,6144,673,768,2000,33800
GeForce GT 1010,1228,5000,2048,40.1,64,19700,11800
GeForce GT 1010,1152,2100,2048,16.8,64,18400,11000
GeForce GT 1030,1152,2100,2048,16.8,64,27600,22000
GeForce GT 1030,1227,6000,2048,48,64,29400,23400
GeForce GTX 1050,1354,7000,2048,112,128,54100,46600
GeForce GTX 1050,1392,7000,3072,84,96,66800,36400
GeForce GTX 1050 Ti,1290,7000,4096,112,128,61900,44500
GeForce GTX 1060,1506,8000,3072,192,192,108400,81900
GeForce GTX 1060,1506,8000,3072,192,192,108400,81900
GeForce GTX 1060,1506,8000,5120,160,160,120400,68300
GeForce GTX 1060,1506,8000,6144,192,192,120400,82000
GeForce GTX 1060,1506,8000,6144,192,192,120400,82000
GeForce GTX 1060,1506,8000,6144,192,192,120400,82000
GeForce GTX 1060,1506,9000,6144,216,192,120400,82000
GeForce GTX 1070 Ti,1607,8000,8192,256,256,244000,107700
GeForce GTX 1080,1607,10000,8192,320,256,257100.00000000003,110900
GeForce GTX 1080,1607,11000,8192,352,256,257100.00000000003,110900
GeForce GTX 1080 Ti,1480,11000,11264,484,352,331500,139200
TITAN X Pascal,1417,10000,12288,480,384,317400,146900
TITAN Xp,1405,11400,12288,547.7,384,337200,142000
Nvidia Titan V,1200,1700,12288,652.8,3072,384000,186200
Nvidia Titan V (CEO Edition),1200,1700,32768,870.4,4096,384000,186200
GeForce GTX 1630,1740,12000,4096,96,64,55680,28560
GeForce GTX 1650,1485,8000,4096,128,128,83160,53280
GeForce GTX 1650,1410,12000,4096,192,128,78960,50880
GeForce GTX 1650,1410,12000,4096,192,128,78960,50880
GeForce GTX 1650 Super,1530,12000,4096,192,128,122400,55200
GeForce GTX 1660,1530,8000,6144,192,192,134640,85680
GeForce GTX 1660 Super,1530,14000,6144,336,192,134640,85680
GeForce GTX 1660 Ti,1500,12000,6144,288,192,144000,84960
GeForce RTX 2060,1365,14000,6144,336,192,163800,80640
GeForce RTX 2060,1365,14000,6144,336,192,163800,80640
GeForce RTX 2060,1470,14000,12288,336,192,199920,79200
GeForce RTX 2060 Super,1470,14000,8192,448,256,199920,105600
GeForce RTX 2070,1410,14000,8192,448,256,203040,103680
GeForce RTX 2070 Super,1605,14000,8192,448,256,256800,113280
GeForce RTX 2080,1515,14000,8192,448,256,278760,109440
GeForce RTX 2080 Super,1650,15500,8192,496,256,316800,116160
GeForce RTX 2080 Ti,1350,14000,11264,616,352,367200,135960
Nvidia Titan RTX,1350,14000,24576,672,384,388800,169920
GeForce RTX 3050,1042,14000,6144,168,96,75020,47040
GeForce RTX 3050,1552,14000,8192,224,128,124200,59860
GeForce RTX 3050,1515,14000,8192,224,128,109100,56160
GeForce RTX 3050,1552,14000,8192,224,128,124200,59860
GeForce RTX 3060,1320,15000,8192,240,128,147800,85300
GeForce RTX 3060,1320,15000,12288,360,192,147800,85300
GeForce RTX 3060,1320,15000,12288,360,192,147800,85300
GeForce RTX 3060 Ti,1410,14000,8192,448,256,214300,133200
GeForce RTX 3060 Ti,1410,19000,8192,608,256,214300,133200
GeForce RTX 3070,1500,14000,8192,448,256,276000,165600
GeForce RTX 3070 Ti,1575,19000,8192,608.3,256,302360,169900
GeForce RTX 3080,1440,19000,10240,760,320,391680,164200
GeForce RTX 3080,1260,19000,12288,912,384,352800,177800
GeForce RTX 3080 Ti,1365,19000,12288,912,384,438500,186500
GeForce RTX 3090,1395,19500,24576,935.8,384,457600,189800
GeForce RTX 3090 Ti,1560,21000,24576,1008.3,384,524200.00000000006,208300
GeForce RTX 4060,1830,17000,8192,272,128,236200,118100
GeForce RTX 4060 Ti,2310,18000,8192,288,128,345400,121900
GeForce RTX 4060 Ti,2310,18000,16384,288,128,345400,121900
GeForce RTX 4070,1920,21000,12288,504,192,455400,158400
GeForce RTX 4070 Super,1980,21000,12288,504,192,554400,198000
GeForce RTX 4070 Ti,2310,21000,12288,504,192,626400,208800
GeForce RTX 4070 Ti Super,2340,21000,16384,672,256,689000,292300
GeForce RTX 4080,2210,22400,16384,717,256,761500,280600
GeForce RTX 4080 Super,2295,23000,16384,736,256,816000,285600
GeForce RTX 4090 D,2280,21000,24576,1008,384,1149100,443500
GeForce RTX 4090,2235,21000,24576,1008,384,1290200,443500
GeForce RTX 5050,2317,20000,8192,320,128,205800,82300
GeForce RTX 5060,2280,28000,8192,448,128,299600,119900
GeForce RTX 5060 Ti,2407,28000,8192,448,128,370400,123500
GeForce RTX 5060 Ti,2407,28000,16384,448,128,370400,123500
GeForce GTX 1050 (Notebook),1354,7000,4096,112,128,54200,21700
GeForce GTX 1050 Ti (Notebook),1493,7000,4096,112,128,71700,47800
GeForce GTX 1060 (Notebook),1404,8000,6144,192,192,112000,67400
GeForce GTX 1070 (Notebook),1442,8000,8192,256,256,185000,92300
GeForce GTX 1080 (Notebook),1556,10000,8192,320,256,249000,99600
GeForce RTX 2050,1155,14000,4096,112,64,95000,45000
GeForce RTX 2060,960,14000,6144,336,192,144000,57600
GeForce RTX 2060 Max-Q,975,11000,6144,264,192,142200,56880
GeForce RTX 2070,1215,14000,8192,448,256,207400,92160
GeForce RTX 2070 Max-Q,885,12000,8192,448,256,170600,75840
GeForce RTX 2070 Super,1140,14000,8192,448,256,220800,88300
GeForce RTX 2070 Super Max-Q,930,12000,8192,448,256,172800,69100
GeForce RTX 2080,1380,14000,8192,384,256,292600,101800
GeForce RTX 2080 Max-Q,735,12000,8192,384,256,201500,70080
GeForce RTX 2080 Super,1365,14000,8192,448,256,299500,99800
GeForce RTX 2080 Super Max-Q,735,11000,8192,352,256,207400,69100
GeForce RTX 3050 Mobile/ Laptop,712,1750,6144,192,128,45600,55600
GeForce RTX 3050 Ti Mobile/ Laptop,735,12,4096,192,128,58800,81400
GeForce RTX 3060 Mobile/ Laptop,817,12,6144,336,192,98000,81700
GeForce RTX 3070 Mobile/ Laptop,780,12,8192,448,256,124800,129600
GeForce RTX 3070 Ti Mobile/ Laptop,510,12,8192,448,256,93800,136600
GeForce RTX 3080 Mobile/ Laptop,780,12,16384,448,256,149800,164200
GeForce RTX 3080 Ti Mobile/ Laptop,585,12,16384,512,256,135700,184400
GeForce RTX 4050 Mobile/ Laptop,1140,2000,6144,192,96,91200,75800
GeForce RTX 4060 Mobile/ Laptop,1140,2000,8192,256,128,109400,75800
GeForce RTX 4070 Mobile/ Laptop,735,2000,8192,256,128,105800,104400
GeForce RTX 4080 Mobile/ Laptop,795,2250,12288,432,192,184400,182400
GeForce RTX 4090 Mobile/ Laptop,930,2250,16384,576,256,282700,288900
Quadro T500 Mobile,1365,1250,2048,80,64,94920,54240
Quadro T500 Mobile,1365,1250,4096,80,64,87360,49920
Quadro T600 Mobile,780,1500,4096,192,128,78960,45120
Quadro T1000 Mobile,1395,2000,4096,128,128,69840,46560
Quadro T1200 Mobile,1515,1500,4096,224,128,114200,57120
Quadro T2000 Mobile,1575,2001,4096,128,128,114200,57100
Quadro T2000 Max-Q,1035,1250,4096,128,128,89280,44640
Quadro RTX 3000 Mobile,945,1750,6144,448,256,198700,88320
Quadro RTX 3000 Max-Q,600,1625,6144,416,256,175000,77760
Quadro RTX 4000 Mobile,1110,1750,8192,448,256,249600,99840
Quadro RTX 4000 Max-Q,780,1625,8192,416,256,220800,88320
Quadro RTX 5000 Mobile,1035,1750,16384,448,256,296600,98880
Quadro RTX 5000 Max-Q,600,1500,16384,384,256,259200,86400
Quadro RTX 6000 Mobile,1275,1750,24576,672,384,419000,139700
RTX A400,727,12000,4096,96,64,42290,28190
RTX A1000,727,12000,8192,192,128,105300,46780
RTX A2000,562,12000,6144,288,192,124800,57600
RTX A2000,562,12000,12288,288,192,124800,57600
RTX A4000,735,14000,16384,448,256,299500,149769
RTX A4500,1050,16000,20480,640,320,369623,132008
RTX A5000,1170,16000,24576,768,384,433947,162730
RTX A5500,1080,16000,24576,768,384,532834,186491
RTX A6000,1410,16000,49152,768,384,604838,201612
RTX A500 Mobile,832,1500,4096,112,64,98370,49180
RTX A1000 Mobile,630,1375,4096,224,128,72960,36480
RTX A1000 Mobile 6 GB,652,1375,6144,168,96,91200,36480
RTX A2000 Mobile,1215,1500,4096,192,128,135000,80980
RTX A3000 Mobile,600,1375,6144,264,192,157400,78720
RTX A3000 Mobile 12 GB,855,1750,12288,336,192,184300,92160
RTX A4000 Mobile,1140,1500,8192,384,256,268800,134400
RTX A4500 Mobile,930,2000,16384,512,256,276000,144000
RTX A5000 Mobile,900,1750,16384,448,256,302400,151200
RTX A5500 Mobile,975,2000,16384,512,256,386300,159850
RTX 2000 Ada Generation,1620,2000,16384,224,128,187400,102200
RTX 4000 SFF Ada Generation,720,14000,20480,280,160,300500,125200
RTX 4000 Ada Generation,1500,14000,20480,360,160,417600,174000
RTX 4500 Ada Generation,2070,18000,24576,432,192,620000,206000
RTX 5000 Ada Generation,1155,18000,32768,576,256,1020000,408000
RTX 5880 Ada Generation,975,20000,49152,960,384,1082000,433000
RTX 6000 Ada Generation,915,20000,49152,960,384,1423000,481000
RTX 500 Mobile Ada Generation,1485,2000,4096,128,64,129600,64800
RTX 1000 Mobile Ada Generation,1485,2000,6144,192,96,162000,97200
RTX 2000 Mobile Ada Generation,1635,2000,8192,256,128,203000,101500
RTX 3000 Mobile Ada Generation,1395,2000,8192,256,128,244100,81360
RTX 3500 Mobile Ada Generation,1110,2250,12288,432,192,247200,98880
RTX 4000 Mobile Ada Generation,1290,2250,12288,432,192,386300,133200
RTX 5000 Mobile Ada Generation,1425,2250,16384,576,256,643000,236900
RTX PRO 4000 Blackwell,1590,1750,24576,672,192,732800,251200
RTX PRO 4500 Blackwell,1590,1750,32768,896,256,858400,293100
RTX PRO 5000 Blackwell,1590,1750,49152,1344,384,1151000,460600
RTX PRO 6000 Blackwell Max-Q Workstation Edition,1590,1750,98304,1792,512,1721000,439300
RTX PRO 6000 Blackwell Workstation Edition,1590,1750,98304,1792,512,1968000,502500
5050 Laptop,1500,24,8000,384,128,120000,48000
5060 Laptop,1455,24,8000,384,128,151300,69840
5070 Laptop,1425,24,8000,384,128,205200,68400
5070 Ti Laptop,1447,28,12000,672,192,266200,115800
5080 Laptop,1500,28,16000,896,256,360000,144000
5090 Laptop,1597,28,24000,896,256,496900,169700
