renderedObject,object_rows,feature_set,model,num_features,features,MAE,RMSE,R2
barbershop_interior,874,mixed_no_gpu_name,Random Forest Log Target,11,"gpuBackend, baseClock, boostClock, textureRate, pixelRate, architecture, memoryType, generation, busInterface, rtCores, tensorCores",969.667982090538,2739.6844835100055,0.6647768701161143
bmw27,30756,mixed_no_gpu_name,Random Forest Log Target,11,"gpuBackend, baseClock, boostClock, textureRate, pixelRate, architecture, memoryType, generation, busInterface, rtCores, tensorCores",11.960154645135008,96.0992023508416,0.6850876422738073
classroom,128862,mixed_no_gpu_name,Random Forest Log Target,11,"gpuBackend, baseClock, boostClock, textureRate, pixelRate, architecture, memoryType, generation, busInterface, rtCores, tensorCores",8.627586789090241,91.27994562062486,0.34411952539180435
fishy_cat,2096,mixed_no_gpu_name,Random Forest Log Target,11,"gpuBackend, baseClock, boostClock, textureRate, pixelRate, architecture, memoryType, generation, busInterface, rtCores, tensorCores",55.60365368690473,407.5162766109681,0.603162710785697
junkshop,123757,numerical_only,Dummy Median Baseline,6,"baseClock, boostClock, textureRate, pixelRate, rtCores, tensorCores",2.4675895489516404,294.65522169416045,-0.025058283912642903
koro,1802,mixed_no_gpu_name,Random Forest Log Target,11,"gpuBackend, baseClock, boostClock, textureRate, pixelRate, architecture, memoryType, generation, busInterface, rtCores, tensorCores",56.60258444376874,174.31244543313377,0.823260898854075
monster,123808,numerical_only,Dummy Median Baseline,6,"baseClock, boostClock, textureRate, pixelRate, rtCores, tensorCores",1.1773693211652037,32.88012255959173,-0.022850307300393835
pavillon_barcelona,2083,mixed_no_gpu_name,Random Forest Log Target,11,"gpuBackend, baseClock, boostClock, textureRate, pixelRate, architecture, memoryType, generation, busInterface, rtCores, tensorCores",86.21752991165381,224.50706032015805,0.8026448101003636
victor,547,mixed_no_gpu_name,Random Forest Log Target,11,"gpuBackend, baseClock, boostClock, textureRate, pixelRate, architecture, memoryType, generation, busInterface, rtCores, tensorCores",96.12348209206812,546.3700846625729,0.5368299943506956
